scenario,policy,seed,tasks,corrupt_tasks,tp,fp,tn,fn,precision,recall,f1,false_positive_rate,completion_rate,wrong_results_served,mean_cost_units,mean_latency_ms,expectation
worker_crash,no_verification,42,80,0,0,0,80,0,0.0,0.0,0.0,0.0,1.0,0,1.075,9.975,n/a
worker_crash,no_verification,43,80,0,0,0,80,0,0.0,0.0,0.0,0.0,1.0,0,1.075,9.05,n/a
worker_crash,fixed_1,42,80,0,0,0,80,0,0.0,0.0,0.0,0.0,1.0,0,2.025,17.634,n/a
worker_crash,fixed_1,43,80,0,0,0,80,0,0.0,0.0,0.0,0.0,1.0,0,2.0375,17.695,n/a
worker_crash,fixed_3,42,80,0,0,0,80,0,0.0,0.0,0.0,0.0,1.0,0,4.025,36.216,n/a
worker_crash,fixed_3,43,80,0,0,0,80,0,0.0,0.0,0.0,0.0,1.0,0,4.0375,35.453,n/a
worker_crash,risk_adaptive,42,80,0,0,0,80,0,0.0,0.0,0.0,0.0,1.0,0,1.1375,10.024,n/a
worker_crash,risk_adaptive,43,80,0,0,0,80,0,0.0,0.0,0.0,0.0,1.0,0,1.15,9.745,n/a
slow_worker,no_verification,42,80,0,0,0,80,0,0.0,0.0,0.0,0.0,1.0,0,1.0,31.885,n/a
slow_worker,no_verification,43,80,0,0,0,80,0,0.0,0.0,0.0,0.0,1.0,0,1.0,49.648,n/a
slow_worker,fixed_1,42,80,0,0,0,80,0,0.0,0.0,0.0,0.0,1.0,0,2.0,76.557,n/a
slow_worker,fixed_1,43,80,0,0,0,80,0,0.0,0.0,0.0,0.0,1.0,0,2.0,86.114,n/a
slow_worker,fixed_3,42,80,0,0,0,80,0,0.0,0.0,0.0,0.0,1.0,0,4.0,157.183,n/a
slow_worker,fixed_3,43,80,0,0,0,80,0,0.0,0.0,0.0,0.0,1.0,0,4.0,175.559,n/a
slow_worker,risk_adaptive,42,80,0,0,0,80,0,0.0,0.0,0.0,0.0,1.0,0,1.075,35.973,n/a
slow_worker,risk_adaptive,43,80,0,0,0,80,0,0.0,0.0,0.0,0.0,1.0,0,1.075,55.485,n/a
modified_result,no_verification,42,80,3,3,0,77,0,1.0,1.0,1.0,0.0,1.0,0,1.0375,9.904,met
modified_result,no_verification,43,80,4,4,0,76,0,1.0,1.0,1.0,0.0,1.0,0,1.05,9.792,met
modified_result,fixed_1,42,80,6,6,0,74,0,1.0,1.0,1.0,0.0,1.0,0,2.0,19.024,met
modified_result,fixed_1,43,80,6,6,0,74,0,1.0,1.0,1.0,0.0,1.0,0,2.0,18.794,met
modified_result,fixed_3,42,80,8,8,0,72,0,1.0,1.0,1.0,0.0,1.0,0,3.95,36.886,met
modified_result,fixed_3,43,80,6,6,0,74,0,1.0,1.0,1.0,0.0,1.0,0,4.0,37.003,met
modified_result,risk_adaptive,42,80,4,4,0,76,0,1.0,1.0,1.0,0.0,1.0,0,1.125,10.863,met
modified_result,risk_adaptive,43,80,4,4,0,76,0,1.0,1.0,1.0,0.0,1.0,0,1.1375,10.063,met
silent_wrong_result,no_verification,42,80,7,0,0,73,7,0.0,0.0,0.0,0.0,1.0,7,1.0,9.43,n/a
silent_wrong_result,no_verification,43,80,14,0,0,66,14,0.0,0.0,0.0,0.0,1.0,14,1.0,8.978,n/a
silent_wrong_result,fixed_1,42,80,8,8,0,72,0,1.0,1.0,1.0,0.0,0.9875,0,2.0,19.159,n/a
silent_wrong_result,fixed_1,43,80,8,8,0,72,0,1.0,1.0,1.0,0.0,1.0,0,2.0,18.089,n/a
silent_wrong_result,fixed_3,42,80,20,20,0,60,0,1.0,1.0,1.0,0.0,1.0,0,4.0,37.112,n/a
silent_wrong_result,fixed_3,43,80,15,15,0,65,0,1.0,1.0,1.0,0.0,1.0,0,4.0,37.188,n/a
silent_wrong_result,risk_adaptive,42,80,7,0,0,73,7,0.0,0.0,0.0,0.0,1.0,7,1.075,10.866,n/a
silent_wrong_result,risk_adaptive,43,80,14,1,0,66,13,1.0,0.0714,0.1333,0.0,1.0,13,1.075,9.474,n/a
stale_replay,no_verification,42,80,3,3,0,77,0,1.0,1.0,1.0,0.0,1.0,0,1.0375,9.836,met
stale_replay,no_verification,43,80,5,5,0,75,0,1.0,1.0,1.0,0.0,1.0,0,1.0625,9.405,met
stale_replay,fixed_1,42,80,6,6,0,74,0,1.0,1.0,1.0,0.0,1.0,0,2.0,18.415,met
stale_replay,fixed_1,43,80,7,7,0,73,0,1.0,1.0,1.0,0.0,1.0,0,2.0,17.911,met
stale_replay,fixed_3,42,80,9,9,0,71,0,1.0,1.0,1.0,0.0,1.0,0,3.925,35.611,met
stale_replay,fixed_3,43,80,8,8,0,72,0,1.0,1.0,1.0,0.0,1.0,0,3.975,36.143,met
stale_replay,risk_adaptive,42,80,4,4,0,76,0,1.0,1.0,1.0,0.0,1.0,0,1.125,10.533,met
stale_replay,risk_adaptive,43,80,5,5,0,75,0,1.0,1.0,1.0,0.0,1.0,0,1.1375,9.734,met
backdated_result,no_verification,42,80,4,4,0,76,0,1.0,1.0,1.0,0.0,1.0,0,1.05,9.851,met
backdated_result,no_verification,43,80,4,4,0,76,0,1.0,1.0,1.0,0.0,1.0,0,1.05,9.332,met
backdated_result,fixed_1,42,80,6,6,0,74,0,1.0,1.0,1.0,0.0,1.0,0,2.0,17.934,met
backdated_result,fixed_1,43,80,6,6,0,74,0,1.0,1.0,1.0,0.0,1.0,0,2.0,17.884,met
backdated_result,fixed_3,42,80,9,9,0,71,0,1.0,1.0,1.0,0.0,1.0,0,3.95,34.978,met
backdated_result,fixed_3,43,80,8,8,0,72,0,1.0,1.0,1.0,0.0,1.0,0,4.0,35.715,met
backdated_result,risk_adaptive,42,80,5,5,0,75,0,1.0,1.0,1.0,0.0,1.0,0,1.1375,10.866,met
backdated_result,risk_adaptive,43,80,5,5,0,75,0,1.0,1.0,1.0,0.0,1.0,0,1.1625,10.134,met
inconsistent_metadata,no_verification,42,80,4,4,0,76,0,1.0,1.0,1.0,0.0,1.0,0,1.05,9.849,met
inconsistent_metadata,no_verification,43,80,4,4,0,76,0,1.0,1.0,1.0,0.0,1.0,0,1.05,9.323,met
inconsistent_metadata,fixed_1,42,80,6,6,0,74,0,1.0,1.0,1.0,0.0,1.0,0,2.0,18.318,met
inconsistent_metadata,fixed_1,43,80,6,6,0,74,0,1.0,1.0,1.0,0.0,1.0,0,2.0,18.056,met
inconsistent_metadata,fixed_3,42,80,9,9,0,71,0,1.0,1.0,1.0,0.0,1.0,0,3.95,35.405,met
inconsistent_metadata,fixed_3,43,80,8,8,0,72,0,1.0,1.0,1.0,0.0,1.0,0,4.0,36.915,met
inconsistent_metadata,risk_adaptive,42,80,5,5,0,75,0,1.0,1.0,1.0,0.0,1.0,0,1.1375,11.056,met
inconsistent_metadata,risk_adaptive,43,80,5,5,0,75,0,1.0,1.0,1.0,0.0,1.0,0,1.1625,10.454,met
model_version_mismatch,no_verification,42,80,4,4,0,76,0,1.0,1.0,1.0,0.0,1.0,0,1.05,10.284,met
model_version_mismatch,no_verification,43,80,4,4,0,76,0,1.0,1.0,1.0,0.0,1.0,0,1.05,9.675,met
model_version_mismatch,fixed_1,42,80,6,6,0,74,0,1.0,1.0,1.0,0.0,1.0,0,2.0,19.276,met
model_version_mismatch,fixed_1,43,80,6,6,0,74,0,1.0,1.0,1.0,0.0,1.0,0,2.0,18.277,met
model_version_mismatch,fixed_3,42,80,9,9,0,71,0,1.0,1.0,1.0,0.0,1.0,0,3.95,35.765,met
model_version_mismatch,fixed_3,43,80,8,8,0,72,0,1.0,1.0,1.0,0.0,1.0,0,4.0,36.274,met
model_version_mismatch,risk_adaptive,42,80,5,5,0,75,0,1.0,1.0,1.0,0.0,1.0,0,1.1375,11.071,met
model_version_mismatch,risk_adaptive,43,80,5,5,0,75,0,1.0,1.0,1.0,0.0,1.0,0,1.1625,10.513,met
high_failure_rate,no_verification,42,80,0,0,0,80,0,0.0,0.0,0.0,0.0,1.0,0,1.0375,29.832,n/a
high_failure_rate,no_verification,43,80,0,0,0,80,0,0.0,0.0,0.0,0.0,1.0,0,1.0625,49.865,n/a
high_failure_rate,fixed_1,42,80,0,0,0,80,0,0.0,0.0,0.0,0.0,1.0,0,2.075,44.521,n/a
high_failure_rate,fixed_1,43,80,0,0,0,80,0,0.0,0.0,0.0,0.0,1.0,0,2.05,65.281,n/a
high_failure_rate,fixed_3,42,80,0,0,0,80,0,0.0,0.0,0.0,0.0,1.0,0,4.0375,86.356,n/a
high_failure_rate,fixed_3,43,80,0,0,0,80,0,0.0,0.0,0.0,0.0,1.0,0,4.0125,88.797,n/a
high_failure_rate,risk_adaptive,42,80,0,0,0,80,0,0.0,0.0,0.0,0.0,1.0,0,1.1375,30.612,n/a
high_failure_rate,risk_adaptive,43,80,0,0,0,80,0,0.0,0.0,0.0,0.0,1.0,0,1.1375,54.104,n/a
mixed_adversary,no_verification,42,80,2,2,0,78,0,1.0,1.0,1.0,0.0,1.0,0,1.05,9.92,n/a
mixed_adversary,no_verification,43,80,4,4,0,76,0,1.0,1.0,1.0,0.0,1.0,0,1.0625,10.076,n/a
mixed_adversary,fixed_1,42,80,3,3,0,77,0,1.0,1.0,1.0,0.0,1.0,0,2.0125,18.489,n/a
mixed_adversary,fixed_1,43,80,4,4,0,76,0,1.0,1.0,1.0,0.0,1.0,0,2.0125,18.617,n/a
mixed_adversary,fixed_3,42,80,9,9,0,71,0,1.0,1.0,1.0,0.0,1.0,0,3.95,37.556,n/a
mixed_adversary,fixed_3,43,80,8,8,0,72,0,1.0,1.0,1.0,0.0,1.0,0,3.975,36.783,n/a
mixed_adversary,risk_adaptive,42,80,3,3,0,77,0,1.0,1.0,1.0,0.0,1.0,0,1.1375,10.667,n/a
mixed_adversary,risk_adaptive,43,80,4,4,0,76,0,1.0,1.0,1.0,0.0,1.0,0,1.1625,10.281,n/a
